<?xml version="1.0" encoding="UTF-8"?>
<jarinfo>
<version>13.1</version>
<name>Customers</name>
<description>
<key>description</key>
<value>Contains the following tables:
Self Assessment
Risk
Controls
Process
Success Factor
Objectives
Risk and Controls</value>
</description>
<deploymentDate>2021-04-22 21:31:07</deploymentDate>
<entries>
<entry>
<type>VIEWSHEET</type>
<path>Customers/Expeditors/Shipment Analysis Demo</path>
<user>__NULL__</user>
<icon>/inetsoft/sree/web/images/viewsheet.gif</icon>
</entry>
<entry>
<type>VIEWSHEET</type>
<path>Customers/Expeditors/Transit Time Analysis Demo</path>
<user>__NULL__</user>
<icon>/inetsoft/sree/web/images/viewsheet.gif</icon>
</entry>
<entry>
<type>VIEWSHEET</type>
<path>Customers/Protecht/Risk Culture Dashboard</path>
<user>__NULL__</user>
<icon>/inetsoft/sree/web/images/viewsheet.gif</icon>
</entry>
</entries>
<assets>
<asset>
<type>SCRIPT</type>
<path>addToDate</path>
<typeDescription>ScriptAsset: [addToDate]</typeDescription>
<requiredBy>getNonWeekendDate, getTime, getNonWeekendElapsedTime</requiredBy>
<detailDescription>Script &#39;getNonWeekendDate&#39; depends on Script &#39;addToDate&#39;. Script &#39;getTime&#39; depends on Script &#39;addToDate&#39;. Script &#39;getNonWeekendElapsedTime&#39; depends on Script &#39;addToDate&#39;.</detailDescription>
</asset>
<asset>
<type>SCRIPT</type>
<path>getDaysDiff</path>
<typeDescription>ScriptAsset: [getDaysDiff]</typeDescription>
<requiredBy>getTime, getNonWeekendElapsedTime</requiredBy>
<detailDescription>Script &#39;getTime&#39; depends on Script &#39;getDaysDiff&#39;. Script &#39;getNonWeekendElapsedTime&#39; depends on Script &#39;getDaysDiff&#39;.</detailDescription>
</asset>
<asset>
<type>SCRIPT</type>
<path>getNonWeekendDate</path>
<typeDescription>ScriptAsset: [getNonWeekendDate]</typeDescription>
<requiredBy>getTime, getNonWeekendElapsedTime</requiredBy>
<detailDescription>Script &#39;getTime&#39; depends on Script &#39;getNonWeekendDate&#39;. Script &#39;getNonWeekendElapsedTime&#39; depends on Script &#39;getNonWeekendDate&#39;.</detailDescription>
</asset>
<asset>
<type>SCRIPT</type>
<path>getNonWeekendElapsedTime</path>
<typeDescription>ScriptAsset: [getNonWeekendElapsedTime]</typeDescription>
<requiredBy>getTime</requiredBy>
<detailDescription>Script &#39;getTime&#39; depends on Script &#39;getNonWeekendElapsedTime&#39;.</detailDescription>
</asset>
<asset>
<type>SCRIPT</type>
<path>getTime</path>
<typeDescription>ScriptAsset: [getTime]</typeDescription>
<requiredBy>ERM/Global Worksheets/bestofbreed/Configuration/Risk Culture/Risk Culture Dashboard, getNonWeekendElapsedTime, addToDate, getDaysDiff, getWorkdaysDiff</requiredBy>
<detailDescription>&#39;ERM/Global Worksheets/bestofbreed/Configuration/Risk Culture/Risk Culture Dashboard&#39; depends on Script &#39;getTime&#39;. Script &#39;getNonWeekendElapsedTime&#39; depends on Script &#39;getTime&#39;. Script &#39;addToDate&#39; depends on Script &#39;getTime&#39;. Script &#39;getDaysDiff&#39; depends on Script &#39;getTime&#39;. Script &#39;getWorkdaysDiff&#39; depends on Script &#39;getTime&#39;.</detailDescription>
</asset>
<asset>
<type>SCRIPT</type>
<path>getWorkdaysDiff</path>
<typeDescription>ScriptAsset: [getWorkdaysDiff]</typeDescription>
<requiredBy>getTime, getNonWeekendElapsedTime</requiredBy>
<detailDescription>Script &#39;getTime&#39; depends on Script &#39;getWorkdaysDiff&#39;. Script &#39;getNonWeekendElapsedTime&#39; depends on Script &#39;getWorkdaysDiff&#39;.</detailDescription>
</asset>
<asset>
<type>WORKSHEET</type>
<path>Demo/chqdemo_ShipmentAnalysis</path>
<typeDescription>WorksheetAsset: [Demo/chqdemo_ShipmentAnalysis]</typeDescription>
<requiredBy>Customers/Expeditors/Shipment Analysis Demo</requiredBy>
<detailDescription>Dashboard/Customers/Expeditors/Shipment Analysis Demo depends on Global Worksheet/Demo/chqdemo_ShipmentAnalysis.</detailDescription>
</asset>
<asset>
<type>WORKSHEET</type>
<path>Demo/chqdemo_transit time analysis</path>
<typeDescription>WorksheetAsset: [Demo/chqdemo_transit time analysis]</typeDescription>
<requiredBy>Customers/Expeditors/Transit Time Analysis Demo</requiredBy>
<detailDescription>Dashboard/Customers/Expeditors/Transit Time Analysis Demo depends on Global Worksheet/Demo/chqdemo_transit time analysis.</detailDescription>
</asset>
<asset>
<type>WORKSHEET</type>
<path>ERM/Global Worksheets/bestofbreed/Configuration/Risk Culture/Risk Culture Dashboard</path>
<typeDescription>WorksheetAsset: [ERM/Global Worksheets/bestofbreed/Configuration/Risk Culture/Risk Culture Dashboard]</typeDescription>
<requiredBy>Customers/Protecht/Risk Culture Dashboard</requiredBy>
<detailDescription>Dashboard/Customers/Protecht/Risk Culture Dashboard depends on Shared Worksheet/ERM/Global Worksheets/bestofbreed/Configuration/Risk Culture/Risk Culture Dashboard.</detailDescription>
</asset>
</assets>
<overwriting>true</overwriting>
</jarinfo>
