<?xml version="1.0" encoding="UTF-8"?>
<jarinfo>
<version>13.1</version>
<name>Examples</name>
<alias>
<key>Examples</key>
<value>Examples</value>
</alias>
<description>
<key>description</key>
<value>Data on Construction orders and employee productivity</value>
</description>
<deploymentDate>2021-04-22 21:19:38</deploymentDate>
<entries>
<entry>
<type>DASHBOARD</type>
<path>Analysis__GLOBAL</path>
<user>__NULL__</user>
<icon>/inetsoft/sree/web/images/dashboard.png</icon>
</entry>
<entry>
<type>DASHBOARD</type>
<path>Call Center__GLOBAL</path>
<user>__NULL__</user>
<icon>/inetsoft/sree/web/images/dashboard.png</icon>
</entry>
<entry>
<type>DASHBOARD</type>
<path>Census__GLOBAL</path>
<user>__NULL__</user>
<icon>/inetsoft/sree/web/images/dashboard.png</icon>
</entry>
<entry>
<type>DASHBOARD</type>
<path>Construction__GLOBAL</path>
<user>__NULL__</user>
<icon>/inetsoft/sree/web/images/dashboard.png</icon>
</entry>
<entry>
<type>DASHBOARD</type>
<path>Hurricane__GLOBAL</path>
<user>__NULL__</user>
<icon>/inetsoft/sree/web/images/dashboard.png</icon>
</entry>
<entry>
<type>DASHBOARD</type>
<path>Projection What-if__GLOBAL</path>
<user>__NULL__</user>
<icon>/inetsoft/sree/web/images/dashboard.png</icon>
</entry>
<entry>
<type>DASHBOARD</type>
<path>Sales Summary__GLOBAL</path>
<user>__NULL__</user>
<icon>/inetsoft/sree/web/images/dashboard.png</icon>
</entry>
<entry>
<type>REPLET</type>
<path>Examples/Chart Scripting</path>
<user>__NULL__</user>
<icon>/inetsoft/sree/web/images/replet.gif</icon>
</entry>
<entry>
<type>REPLET</type>
<path>Examples/Financial Summary</path>
<user>__NULL__</user>
<icon>/inetsoft/sree/web/images/replet.gif</icon>
</entry>
<entry>
<type>REPLET</type>
<path>Examples/Formula Table</path>
<user>__NULL__</user>
<icon>/inetsoft/sree/web/images/replet.gif</icon>
</entry>
<entry>
<type>REPLET</type>
<path>Examples/Inventory Detail</path>
<user>__NULL__</user>
<icon>/inetsoft/sree/web/images/replet.gif</icon>
</entry>
<entry>
<type>REPLET</type>
<path>Examples/Mailing Labels</path>
<user>__NULL__</user>
<icon>/inetsoft/sree/web/images/replet.gif</icon>
</entry>
<entry>
<type>REPLET</type>
<path>Examples/Master Detail</path>
<user>__NULL__</user>
<icon>/inetsoft/sree/web/images/replet.gif</icon>
</entry>
<entry>
<type>REPLET</type>
<path>Examples/OrderList</path>
<user>__NULL__</user>
<icon>/inetsoft/sree/web/images/replet.gif</icon>
</entry>
<entry>
<type>REPLET</type>
<path>Examples/Parameters</path>
<user>__NULL__</user>
<icon>/inetsoft/sree/web/images/replet.gif</icon>
</entry>
<entry>
<type>VIEWSHEET</type>
<path>Examples/Call Center Monitoring</path>
<user>__NULL__</user>
<icon>/inetsoft/sree/web/images/viewsheet.gif</icon>
</entry>
<entry>
<type>VIEWSHEET</type>
<path>Examples/Census</path>
<user>__NULL__</user>
<icon>/inetsoft/sree/web/images/viewsheet.gif</icon>
</entry>
<entry>
<type>VIEWSHEET</type>
<path>Examples/Construction Dashboard</path>
<user>__NULL__</user>
<icon>/inetsoft/sree/web/images/viewsheet.gif</icon>
</entry>
<entry>
<type>VIEWSHEET</type>
<path>Examples/Hurricane</path>
<user>__NULL__</user>
<icon>/inetsoft/sree/web/images/viewsheet.gif</icon>
</entry>
<entry>
<type>VIEWSHEET</type>
<path>Examples/HurricaneL</path>
<user>__NULL__</user>
<icon>/inetsoft/sree/web/images/viewsheet.gif</icon>
</entry>
<entry>
<type>VIEWSHEET</type>
<path>Examples/HurricaneR</path>
<user>__NULL__</user>
<icon>/inetsoft/sree/web/images/viewsheet.gif</icon>
</entry>
<entry>
<type>VIEWSHEET</type>
<path>Examples/Projection</path>
<user>__NULL__</user>
<icon>/inetsoft/sree/web/images/viewsheet.gif</icon>
</entry>
<entry>
<type>VIEWSHEET</type>
<path>Examples/Return Analysis</path>
<user>__NULL__</user>
<icon>/inetsoft/sree/web/images/viewsheet.gif</icon>
</entry>
<entry>
<type>VIEWSHEET</type>
<path>Examples/Sales Summary</path>
<user>__NULL__</user>
<icon>/inetsoft/sree/web/images/viewsheet.gif</icon>
</entry>
</entries>
<assets>
<asset>
<type>BEAN</type>
<path>InetSoft Header</path>
<typeDescription>BeanAsset: [InetSoft Header]</typeDescription>
<requiredBy>Examples/Formula Table, Examples/Inventory Detail, Examples/OrderList, Examples/OrderList, Examples/Inventory Detail, Examples/Master Detail, Examples/OrderList, Examples/Inventory Detail, Examples/OrderList, Examples/Inventory Detail, Examples/Parameters</requiredBy>
<detailDescription>Element &#39;TitleBean&#39; in replet &#39;Examples/Formula Table&#39; depends on bean &#39;InetSoft Header&#39;. Element &#39;Bean1&#39; in replet &#39;Examples/Inventory Detail&#39; depends on bean &#39;InetSoft Header&#39;. Element &#39;Bean1&#39; in replet &#39;Examples/OrderList&#39; depends on bean &#39;InetSoft Header&#39;. Element &#39;Bean1&#39; in replet &#39;Examples/OrderList&#39; depends on bean &#39;InetSoft Header&#39;. Element &#39;Bean1&#39; in replet &#39;Examples/Inventory Detail&#39; depends on bean &#39;InetSoft Header&#39;. Element &#39;TitleBean&#39; in replet &#39;Examples/Master Detail&#39; depends on bean &#39;InetSoft Header&#39;. Element &#39;Bean1&#39; in replet &#39;Examples/OrderList&#39; depends on bean &#39;InetSoft Header&#39;. Element &#39;Bean1&#39; in replet &#39;Examples/Inventory Detail&#39; depends on bean &#39;InetSoft Header&#39;. Element &#39;Bean1&#39; in replet &#39;Examples/OrderList&#39; depends on bean &#39;InetSoft Header&#39;. Element &#39;Bean1&#39; in replet &#39;Examples/Inventory Detail&#39; depends on bean &#39;InetSoft Header&#39;. Element &#39;Bean1&#39; in replet &#39;Examples/Parameters&#39; depends on bean &#39;InetSoft Header&#39;.</detailDescription>
</asset>
<asset>
<type>BEAN</type>
<path>InetSoftBanner</path>
<typeDescription>BeanAsset: [InetSoftBanner]</typeDescription>
<requiredBy>Geography, Filter, Supplier, Category</requiredBy>
<detailDescription>Element &#39;Bean2&#39; in parametersheet &#39;Geography&#39; depends on bean &#39;InetSoftBanner&#39;. Element &#39;Bean1&#39; in parametersheet &#39;Filter&#39; depends on bean &#39;InetSoftBanner&#39;. Element &#39;Bean1&#39; in parametersheet &#39;Supplier&#39; depends on bean &#39;InetSoftBanner&#39;. Element &#39;Bean1&#39; in parametersheet &#39;Category&#39; depends on bean &#39;InetSoftBanner&#39;.</detailDescription>
</asset>
<asset>
<type>DEVICE</type>
<path>8795d12e-90e7-4146-8b1c-7daafc0f2806</path>
<typeDescription>Extra small devices</typeDescription>
<requiredBy>Examples/Return Analysis, Examples/Call Center Monitoring, Examples/Census, Examples/Construction Dashboard, Examples/Hurricane, Examples/Projection, Examples/Sales Summary, Examples/Call Center Monitoring, Examples/Census, Examples/Construction Dashboard, Examples/Hurricane, Examples/Projection, Examples/Return Analysis, Examples/Sales Summary</requiredBy>
<detailDescription>Dashboard/Examples/Return Analysis depends on Device Extra small devices. Dashboard/Examples/Call Center Monitoring depends on Device Extra small devices. Dashboard/Examples/Census depends on Device Extra small devices. Dashboard/Examples/Construction Dashboard depends on Device Extra small devices. Dashboard/Examples/Hurricane depends on Device Extra small devices. Dashboard/Examples/Projection depends on Device Extra small devices. Dashboard/Examples/Sales Summary depends on Device Extra small devices. Dashboard/Examples/Call Center Monitoring depends on Device Extra small devices. Dashboard/Examples/Census depends on Device Extra small devices. Dashboard/Examples/Construction Dashboard depends on Device Extra small devices. Dashboard/Examples/Hurricane depends on Device Extra small devices. Dashboard/Examples/Projection depends on Device Extra small devices. Dashboard/Examples/Return Analysis depends on Device Extra small devices. Dashboard/Examples/Sales Summary depends on Device Extra small devices.</detailDescription>
</asset>
<asset>
<type>DEVICE</type>
<path>72d90961-cfc1-4b88-9ba6-d5431f63e1ac</path>
<typeDescription>Large devices</typeDescription>
<requiredBy>Examples/Call Center Monitoring, Examples/Call Center Monitoring</requiredBy>
<detailDescription>Dashboard/Examples/Call Center Monitoring depends on Device Large devices. Dashboard/Examples/Call Center Monitoring depends on Device Large devices.</detailDescription>
</asset>
<asset>
<type>DEVICE</type>
<path>75a882db-8a62-4d4e-904f-854e8ad1e7ac</path>
<typeDescription>Medium devices</typeDescription>
<requiredBy>Examples/Return Analysis, Examples/Call Center Monitoring, Examples/Construction Dashboard, Examples/Hurricane, Examples/Projection, Examples/Sales Summary, Examples/Call Center Monitoring, Examples/Construction Dashboard, Examples/Hurricane, Examples/Projection, Examples/Return Analysis, Examples/Sales Summary</requiredBy>
<detailDescription>Dashboard/Examples/Return Analysis depends on Device Medium devices. Dashboard/Examples/Call Center Monitoring depends on Device Medium devices. Dashboard/Examples/Construction Dashboard depends on Device Medium devices. Dashboard/Examples/Hurricane depends on Device Medium devices. Dashboard/Examples/Projection depends on Device Medium devices. Dashboard/Examples/Sales Summary depends on Device Medium devices. Dashboard/Examples/Call Center Monitoring depends on Device Medium devices. Dashboard/Examples/Construction Dashboard depends on Device Medium devices. Dashboard/Examples/Hurricane depends on Device Medium devices. Dashboard/Examples/Projection depends on Device Medium devices. Dashboard/Examples/Return Analysis depends on Device Medium devices. Dashboard/Examples/Sales Summary depends on Device Medium devices.</detailDescription>
</asset>
<asset>
<type>DEVICE</type>
<path>409f3e4a-505e-41f3-a199-0f2b5eb63139</path>
<typeDescription>Small devices</typeDescription>
<requiredBy>Examples/Return Analysis, Examples/Call Center Monitoring, Examples/Census, Examples/Construction Dashboard, Examples/Hurricane, Examples/Projection, Examples/Sales Summary, Examples/Call Center Monitoring, Examples/Census, Examples/Construction Dashboard, Examples/Hurricane, Examples/Projection, Examples/Return Analysis, Examples/Sales Summary</requiredBy>
<detailDescription>Dashboard/Examples/Return Analysis depends on Device Small devices. Dashboard/Examples/Call Center Monitoring depends on Device Small devices. Dashboard/Examples/Census depends on Device Small devices. Dashboard/Examples/Construction Dashboard depends on Device Small devices. Dashboard/Examples/Hurricane depends on Device Small devices. Dashboard/Examples/Projection depends on Device Small devices. Dashboard/Examples/Sales Summary depends on Device Small devices. Dashboard/Examples/Call Center Monitoring depends on Device Small devices. Dashboard/Examples/Census depends on Device Small devices. Dashboard/Examples/Construction Dashboard depends on Device Small devices. Dashboard/Examples/Hurricane depends on Device Small devices. Dashboard/Examples/Projection depends on Device Small devices. Dashboard/Examples/Return Analysis depends on Device Small devices. Dashboard/Examples/Sales Summary depends on Device Small devices.</detailDescription>
</asset>
<asset>
<type>EMBEDDEDDATA</type>
<path>EMBEDED_DATA</path>
<typeDescription>EmbeddedDataAsset: [EMBEDED_DATA]</typeDescription>
<requiredBy>Examples/Master Detail</requiredBy>
<detailDescription>Examples/Master Detaildepends onEMBEDED_DATA</detailDescription>
</asset>
<asset>
<type>LOCALWORKSHEET</type>
<path>Financial</path>
<typeDescription>LocalWorksheetAsset: [Financial]</typeDescription>
<requiredBy>Examples/Financial Summary, Examples/Financial Summary, Examples/Financial Summary, Examples/Financial Summary</requiredBy>
<detailDescription>Element &#39;Table1&#39; in replet &#39;Examples/Financial Summary&#39; depends on &#39;Report Worksheet/Financial&#39;. Element &#39;Subreport3.HTMLChart&#39; in replet &#39;Examples/Financial Summary&#39; depends on &#39;Report Worksheet/Financial&#39;. Element &#39;Subreport3.Chart1&#39; in replet &#39;Examples/Financial Summary&#39; depends on &#39;Report Worksheet/Financial&#39;. Element &#39;Subreport3.Table2&#39; in replet &#39;Examples/Financial Summary&#39; depends on &#39;Report Worksheet/Financial&#39;.</detailDescription>
</asset>
<asset>
<type>PARAMETERSHEET</type>
<path>Category</path>
<typeDescription>ParameterSheetAsset: [Category]</typeDescription>
<requiredBy>Examples/Parameters</requiredBy>
<detailDescription>Report &#39;Examples/Parameters&#39; depends on parameter sheet &#39;Category&#39;.</detailDescription>
</asset>
<asset>
<type>PARAMETERSHEET</type>
<path>Filter</path>
<typeDescription>ParameterSheetAsset: [Filter]</typeDescription>
<requiredBy>Examples/Parameters</requiredBy>
<detailDescription>Report &#39;Examples/Parameters&#39; depends on parameter sheet &#39;Filter&#39;.</detailDescription>
</asset>
<asset>
<type>PARAMETERSHEET</type>
<path>Geography</path>
<typeDescription>ParameterSheetAsset: [Geography]</typeDescription>
<requiredBy>Examples/Parameters</requiredBy>
<detailDescription>Report &#39;Examples/Parameters&#39; depends on parameter sheet &#39;Geography&#39;.</detailDescription>
</asset>
<asset>
<type>PARAMETERSHEET</type>
<path>Supplier</path>
<typeDescription>ParameterSheetAsset: [Supplier]</typeDescription>
<requiredBy>Examples/Parameters</requiredBy>
<detailDescription>Report &#39;Examples/Parameters&#39; depends on parameter sheet &#39;Supplier&#39;.</detailDescription>
</asset>
<asset>
<type>SCRIPT</type>
<path>setDimColor</path>
<typeDescription>ScriptAsset: [setDimColor]</typeDescription>
<requiredBy>Examples/Call Center Monitoring, Examples/Call Center Monitoring</requiredBy>
<detailDescription>&#39;Examples/Call Center Monitoring&#39; depends on Script &#39;setDimColor&#39;. &#39;Examples/Call Center Monitoring&#39; depends on Script &#39;setDimColor&#39;.</detailDescription>
</asset>
<asset>
<type>SUBREPORT</type>
<path>/templates/Subreport</path>
<typeDescription>SubreportAsset: [/templates/Subreport]</typeDescription>
<requiredBy></requiredBy>
<detailDescription></detailDescription>
</asset>
<asset>
<type>SUBREPORT</type>
<path>/templates/subreports/templates/Reports/FinancialSummaryA</path>
<typeDescription>SubreportAsset: [/templates/subreports/templates/Reports/FinancialSummaryA]</typeDescription>
<requiredBy></requiredBy>
<detailDescription></detailDescription>
</asset>
<asset>
<type>TABLESTYLE</type>
<path>BorderedLightBands</path>
<typeDescription>TableStyleAsset: [BorderedLightBands]</typeDescription>
<requiredBy>Examples/Return Analysis, Examples/Return Analysis</requiredBy>
<detailDescription>Assembly &#39;Details&#39; in Dashboard depends on table style &#39;BorderedLightBands&#39;. Assembly &#39;Details&#39; in Dashboard depends on table style &#39;BorderedLightBands&#39;.</detailDescription>
</asset>
<asset>
<type>TABLESTYLE</type>
<path>Grey~Clean Bands</path>
<typeDescription>TableStyleAsset: [Grey~Clean Bands]</typeDescription>
<requiredBy>Examples/Inventory Detail, Examples/Inventory Detail, Examples/Inventory Detail, Examples/Inventory Detail</requiredBy>
<detailDescription>Table element &#39;Table5&#39; in report depends on table style &#39;Grey~Clean Bands&#39;. Table element &#39;Table5&#39; in report depends on table style &#39;Grey~Clean Bands&#39;. Table element &#39;Table5&#39; in report depends on table style &#39;Grey~Clean Bands&#39;. Table element &#39;Table5&#39; in report depends on table style &#39;Grey~Clean Bands&#39;.</detailDescription>
</asset>
<asset>
<type>TABLESTYLE</type>
<path>User Defined~CustomTableStyle2</path>
<typeDescription>TableStyleAsset: [User Defined~CustomTableStyle2]</typeDescription>
<requiredBy>Examples/Formula Table, Examples/Formula Table, Examples/Formula Table, Examples/Formula Table</requiredBy>
<detailDescription>Table element &#39;FormulaTable&#39; in report depends on table style &#39;User Defined~CustomTableStyle2&#39;. Table element &#39;SalesData&#39; in report depends on table style &#39;User Defined~CustomTableStyle2&#39;. Table element &#39;GroupedTable&#39; in report depends on table style &#39;User Defined~CustomTableStyle2&#39;. Table element &#39;CrosstabTable&#39; in report depends on table style &#39;User Defined~CustomTableStyle2&#39;.</detailDescription>
</asset>
<asset>
<type>TABLESTYLE</type>
<path>User Defined~CustomTableStyle3</path>
<typeDescription>TableStyleAsset: [User Defined~CustomTableStyle3]</typeDescription>
<requiredBy>Examples/Master Detail, Examples/Master Detail</requiredBy>
<detailDescription>Table element &#39;DetailReport.CategoryTotal&#39; in report depends on table style &#39;User Defined~CustomTableStyle3&#39;. Table element &#39;Subreport2.CategoryTotal&#39; in report depends on table style &#39;User Defined~CustomTableStyle3&#39;.</detailDescription>
</asset>
<asset>
<type>TABLESTYLE</type>
<path>User Defined~CustomTableStyle4</path>
<typeDescription>TableStyleAsset: [User Defined~CustomTableStyle4]</typeDescription>
<requiredBy>Examples/Formula Table, Examples/Master Detail</requiredBy>
<detailDescription>Table element &#39;HelpText&#39; in report depends on table style &#39;User Defined~CustomTableStyle4&#39;. Table element &#39;HelpText&#39; in report depends on table style &#39;User Defined~CustomTableStyle4&#39;.</detailDescription>
</asset>
<asset>
<type>TABLESTYLE</type>
<path>User Defined~CustomTableStyle6</path>
<typeDescription>TableStyleAsset: [User Defined~CustomTableStyle6]</typeDescription>
<requiredBy>Examples/OrderList, Examples/OrderList, Examples/OrderList, Examples/OrderList</requiredBy>
<detailDescription>Table element &#39;Orders&#39; in report depends on table style &#39;User Defined~CustomTableStyle6&#39;. Table element &#39;Orders&#39; in report depends on table style &#39;User Defined~CustomTableStyle6&#39;. Table element &#39;Orders&#39; in report depends on table style &#39;User Defined~CustomTableStyle6&#39;. Table element &#39;Orders&#39; in report depends on table style &#39;User Defined~CustomTableStyle6&#39;.</detailDescription>
</asset>
<asset>
<type>TABLESTYLE</type>
<path>User Defined~FinancialSumary</path>
<typeDescription>TableStyleAsset: [User Defined~FinancialSumary]</typeDescription>
<requiredBy>Examples/Financial Summary</requiredBy>
<detailDescription>Table element &#39;Table1&#39; in report depends on table style &#39;User Defined~FinancialSumary&#39;.</detailDescription>
</asset>
<asset>
<type>WORKSHEET</type>
<path>Examples/Call Center Monitoring</path>
<typeDescription>WorksheetAsset: [Examples/Call Center Monitoring]</typeDescription>
<requiredBy>Examples/Call Center Monitoring, Examples/Call Center Monitoring</requiredBy>
<detailDescription>Dashboard/Examples/Call Center Monitoring depends on Data Worksheet/Examples/Call Center Monitoring. Dashboard/Examples/Call Center Monitoring depends on Data Worksheet/Examples/Call Center Monitoring.</detailDescription>
</asset>
<asset>
<type>WORKSHEET</type>
<path>Examples/Census Data</path>
<typeDescription>WorksheetAsset: [Examples/Census Data]</typeDescription>
<requiredBy>Examples/Census, Examples/Census</requiredBy>
<detailDescription>Dashboard/Examples/Census depends on Data Worksheet/Examples/Census Data. Dashboard/Examples/Census depends on Data Worksheet/Examples/Census Data.</detailDescription>
</asset>
<asset>
<type>WORKSHEET</type>
<path>Examples/Construction Data</path>
<typeDescription>WorksheetAsset: [Examples/Construction Data]</typeDescription>
<requiredBy>Examples/Construction Dashboard, Examples/Construction Dashboard</requiredBy>
<detailDescription>Dashboard/Examples/Construction Dashboard depends on Data Worksheet/Examples/Construction Data. Dashboard/Examples/Construction Dashboard depends on Data Worksheet/Examples/Construction Data.</detailDescription>
</asset>
<asset>
<type>WORKSHEET</type>
<path>Examples/Hurricane</path>
<typeDescription>WorksheetAsset: [Examples/Hurricane]</typeDescription>
<requiredBy>Examples/Hurricane, Examples/HurricaneL, Examples/HurricaneR, Examples/Hurricane, Examples/HurricaneL, Examples/HurricaneR, Examples/HurricaneL, Examples/HurricaneR</requiredBy>
<detailDescription>Dashboard/Examples/Hurricane depends on Data Worksheet/Examples/Hurricane. Dashboard/Examples/HurricaneL depends on Data Worksheet/Examples/Hurricane. Dashboard/Examples/HurricaneR depends on Data Worksheet/Examples/Hurricane. Dashboard/Examples/Hurricane depends on Data Worksheet/Examples/Hurricane. Dashboard/Examples/HurricaneL depends on Data Worksheet/Examples/Hurricane. Dashboard/Examples/HurricaneR depends on Data Worksheet/Examples/Hurricane. Dashboard/Examples/HurricaneL depends on Data Worksheet/Examples/Hurricane. Dashboard/Examples/HurricaneR depends on Data Worksheet/Examples/Hurricane.</detailDescription>
</asset>
<asset>
<type>WORKSHEET</type>
<path>Examples/Order Details</path>
<typeDescription>WorksheetAsset: [Examples/Order Details]</typeDescription>
<requiredBy>Examples/Return Analysis, Examples/Return Analysis</requiredBy>
<detailDescription>Dashboard/Examples/Return Analysis depends on Shared Worksheet/Examples/Order Details. Dashboard/Examples/Return Analysis depends on Shared Worksheet/Examples/Order Details.</detailDescription>
</asset>
<asset>
<type>WORKSHEET</type>
<path>Examples/Projection</path>
<typeDescription>WorksheetAsset: [Examples/Projection]</typeDescription>
<requiredBy>Examples/Projection, Examples/Projection</requiredBy>
<detailDescription>Dashboard/Examples/Projection depends on Data Worksheet/Examples/Projection. Dashboard/Examples/Projection depends on Data Worksheet/Examples/Projection.</detailDescription>
</asset>
<asset>
<type>WORKSHEET</type>
<path>Examples/Sales Revenue</path>
<typeDescription>WorksheetAsset: [Examples/Sales Revenue]</typeDescription>
<requiredBy>Examples/Sales Summary, Examples/Sales Summary</requiredBy>
<detailDescription>Dashboard/Examples/Sales Summary depends on Data Worksheet/Examples/Sales Revenue. Dashboard/Examples/Sales Summary depends on Data Worksheet/Examples/Sales Revenue.</detailDescription>
</asset>
<asset>
<type>XDATASOURCE</type>
<path>Examples/Orders</path>
<typeDescription>XDataSourceAsset: [Examples/Orders]</typeDescription>
<requiredBy>Examples/Orders^Order View, Examples/Formula Table, Examples/Formula Table, Orders, Examples/Orders^Order View, customers, customers, Examples/Orders^Order View, customers, sales by state, Examples/Orders^Order View, customers, Examples/Orders^Order View, customers, Sales for a City, Examples/Orders^Order View</requiredBy>
<detailDescription>Physical view &#39;Order View&#39; depends on data source &#39;Examples/Orders&#39;. Report &#39;Examples/Formula Table&#39; depends on Local query &#39;Orders&#39; in script. Query &#39;Orders&#39; depends on data source &#39;Examples/Orders&#39;. Report &#39;Examples/Formula Table&#39; depends on Local query &#39;Region&#39; in script. Query &#39;Region&#39; depends on data source &#39;Examples/Orders&#39;. Local query &#39;Orders&#39; depends on data source &#39;Examples/Orders&#39;. Physical view &#39;Order View&#39; depends on data source &#39;Examples/Orders&#39;. Query &#39;customers&#39; depends on data source &#39;Examples/Orders&#39;. Query &#39;customers&#39; depends on data source &#39;Examples/Orders&#39;. Physical view &#39;Order View&#39; depends on data source &#39;Examples/Orders&#39;. Query &#39;customers&#39; depends on data source &#39;Examples/Orders&#39;. Query &#39;sales by state&#39; depends on data source &#39;Examples/Orders&#39;. Physical view &#39;Order View&#39; depends on data source &#39;Examples/Orders&#39;. Query &#39;customers&#39; depends on data source &#39;Examples/Orders&#39;. Physical view &#39;Order View&#39; depends on data source &#39;Examples/Orders&#39;. Query &#39;customers&#39; depends on data source &#39;Examples/Orders&#39;. Local query &#39;Sales for a City&#39; depends on data source &#39;Examples/Orders&#39;. Physical view &#39;Order View&#39; depends on data source &#39;Examples/Orders&#39;.</detailDescription>
</asset>
<asset>
<type>XLOCALQUERY</type>
<path>Orders</path>
<typeDescription>XLocalQueryAsset: [Orders]</typeDescription>
<requiredBy>Examples/Formula Table, Examples/Formula Table, Examples/Formula Table</requiredBy>
<detailDescription>Element &#39;SalesData&#39; in replet &#39;Examples/Formula Table&#39; depends on Local query &#39;Orders&#39;. Element &#39;GroupedTable&#39; in replet &#39;Examples/Formula Table&#39; depends on Local query &#39;Orders&#39;. Element &#39;CrosstabTable&#39; in replet &#39;Examples/Formula Table&#39; depends on Local query &#39;Orders&#39;.</detailDescription>
</asset>
<asset>
<type>XLOCALQUERY</type>
<path>Sales for a City</path>
<typeDescription>XLocalQueryAsset: [Sales for a City]</typeDescription>
<requiredBy>Examples/Parameters</requiredBy>
<detailDescription>Element &#39;Text4&#39; in replet &#39;Examples/Parameters&#39; depends on Local query &#39;Sales for a City&#39;.</detailDescription>
</asset>
<asset>
<type>XLOGICALMODEL</type>
<path>Examples/Orders^Order Model</path>
<typeDescription>XLogicalModelAsset: [Examples/Orders^Order Model]</typeDescription>
<requiredBy>Examples/Projection, Examples/Projection, Examples/Inventory Detail, Examples/OrderList, Examples/Master Detail, Examples/OrderList, Examples/Inventory Detail, Examples/Master Detail, Examples/Master Detail, Examples/Master Detail, Examples/OrderList, Examples/Inventory Detail, Geography, Examples/OrderList, Examples/Inventory Detail, Geography, Supplier, Category, Examples/Parameters, Examples/Projection, Examples/Projection</requiredBy>
<detailDescription>Assembly &#39;LastDate&#39; in Data Worksheet depends on logical model &#39;Order Model&#39; in data source &#39;Examples/Orders&#39;. Assembly &#39;Order Details&#39; in Data Worksheet depends on logical model &#39;Order Model&#39; in data source &#39;Examples/Orders&#39;. Element &#39;Table5&#39; in replet &#39;Examples/Inventory Detail&#39; depends on logical model &#39;Order Model&#39; in data source &#39;Examples/Orders&#39;. Element &#39;Orders&#39; in replet &#39;Examples/OrderList&#39; depends on logical model &#39;Order Model&#39; in data source &#39;Examples/Orders&#39;. Element &#39;DetailReport.CategoryTotal&#39; in replet &#39;Examples/Master Detail&#39; depends on logical model &#39;Order Model&#39; in data source &#39;Examples/Orders&#39;. Element &#39;Orders&#39; in replet &#39;Examples/OrderList&#39; depends on logical model &#39;Order Model&#39; in data source &#39;Examples/Orders&#39;. Element &#39;Table5&#39; in replet &#39;Examples/Inventory Detail&#39; depends on logical model &#39;Order Model&#39; in data source &#39;Examples/Orders&#39;. Element &#39;DetailReport.Graph1&#39; in replet &#39;Examples/Master Detail&#39; depends on logical model &#39;Order Model&#39; in data source &#39;Examples/Orders&#39;. Element &#39;Subreport2.CategoryTotal&#39; in replet &#39;Examples/Master Detail&#39; depends on logical model &#39;Order Model&#39; in data source &#39;Examples/Orders&#39;. Element &#39;Subreport2.Graph1&#39; in replet &#39;Examples/Master Detail&#39; depends on logical model &#39;Order Model&#39; in data source &#39;Examples/Orders&#39;. Element &#39;Orders&#39; in replet &#39;Examples/OrderList&#39; depends on logical model &#39;Order Model&#39; in data source &#39;Examples/Orders&#39;. Element &#39;Table5&#39; in replet &#39;Examples/Inventory Detail&#39; depends on logical model &#39;Order Model&#39; in data source &#39;Examples/Orders&#39;. Element &#39;Choice1&#39; in parametersheet &#39;Geography&#39; depends on logical model &#39;Order Model&#39; in data source &#39;Examples/Orders&#39;. Element &#39;Orders&#39; in replet &#39;Examples/OrderList&#39; depends on logical model &#39;Order Model&#39; in data source &#39;Examples/Orders&#39;. Element &#39;Table5&#39; in replet &#39;Examples/Inventory Detail&#39; depends on logical model &#39;Order Model&#39; in data source &#39;Examples/Orders&#39;. Element &#39;Choice2&#39; in parametersheet &#39;Geography&#39; depends on logical model &#39;Order Model&#39; in data source &#39;Examples/Orders&#39;. Element &#39;List1&#39; in parametersheet &#39;Supplier&#39; depends on logical model &#39;Order Model&#39; in data source &#39;Examples/Orders&#39;. Element &#39;List1&#39; in parametersheet &#39;Category&#39; depends on logical model &#39;Order Model&#39; in data source &#39;Examples/Orders&#39;. Element &#39;Orders&#39; in replet &#39;Examples/Parameters&#39; depends on logical model &#39;Order Model&#39; in data source &#39;Examples/Orders&#39;. Assembly &#39;LastDate&#39; in Data Worksheet depends on logical model &#39;Order Model&#39; in data source &#39;Examples/Orders&#39;. Assembly &#39;Order Details&#39; in Data Worksheet depends on logical model &#39;Order Model&#39; in data source &#39;Examples/Orders&#39;.</detailDescription>
</asset>
<asset>
<type>XPARTITION</type>
<path>Examples/Orders^Order View</path>
<typeDescription>XPartitionAsset: [Examples/Orders^Order View]</typeDescription>
<requiredBy>Examples/Orders^Order Model, Examples/Orders^Order Model, Examples/Orders^Order Model, Examples/Orders^Order Model, Examples/Orders^Order Model, Examples/Orders^Order Model</requiredBy>
<detailDescription>Logical model &#39;Order Model&#39; in data source &#39;Examples/Orders&#39; depends on Physical view &#39;Order View&#39;. Logical model &#39;Order Model&#39; in data source &#39;Examples/Orders&#39; depends on Physical view &#39;Order View&#39;. Logical model &#39;Order Model&#39; in data source &#39;Examples/Orders&#39; depends on Physical view &#39;Order View&#39;. Logical model &#39;Order Model&#39; in data source &#39;Examples/Orders&#39; depends on Physical view &#39;Order View&#39;. Logical model &#39;Order Model&#39; in data source &#39;Examples/Orders&#39; depends on Physical view &#39;Order View&#39;. Logical model &#39;Order Model&#39; in data source &#39;Examples/Orders&#39; depends on Physical view &#39;Order View&#39;.</detailDescription>
</asset>
<asset>
<type>XQUERY</type>
<path>customers</path>
<typeDescription>XQueryAsset: [customers]</typeDescription>
<requiredBy>Examples/Mailing Labels, Examples/Mailing Labels, Examples/Mailing Labels, Examples/Mailing Labels, Examples/Mailing Labels</requiredBy>
<detailDescription>Element &#39;Section1&#39; in replet &#39;Examples/Mailing Labels&#39; depends on Query &#39;customers&#39;. Element &#39;Section1&#39; in replet &#39;Examples/Mailing Labels&#39; depends on Query &#39;customers&#39;. Element &#39;Section1&#39; in replet &#39;Examples/Mailing Labels&#39; depends on Query &#39;customers&#39;. Element &#39;Section1&#39; in replet &#39;Examples/Mailing Labels&#39; depends on Query &#39;customers&#39;. Element &#39;Section1&#39; in replet &#39;Examples/Mailing Labels&#39; depends on Query &#39;customers&#39;.</detailDescription>
</asset>
<asset>
<type>XQUERY</type>
<path>sales by state</path>
<typeDescription>XQueryAsset: [sales by state]</typeDescription>
<requiredBy>Examples/Master Detail</requiredBy>
<detailDescription>Element &#39;MasterDetail&#39; in replet &#39;Examples/Master Detail&#39; depends on Query &#39;sales by state&#39;.</detailDescription>
</asset>
</assets>
<overwriting>true</overwriting>
</jarinfo>
